<?xml version="1.0" encoding="UTF-8"?>
<beans xmlns="http://www.springframework.org/schema/beans"
	xmlns:xsi="http://www.w3.org/2001/XMLSchema-instance"
	xmlns:context="http://www.springframework.org/schema/context"
	xmlns:mvc="http://www.springframework.org/schema/mvc"
	xmlns:tx="http://www.springframework.org/schema/tx"
	xsi:schemaLocation="http://www.springframework.org/schema/beans https://www.springframework.org/schema/beans/spring-beans-4.3.xsd
		http://www.springframework.org/schema/context https://www.springframework.org/schema/context/spring-context-4.3.xsd
		http://www.springframework.org/schema/mvc https://www.springframework.org/schema/mvc/spring-mvc-4.3.xsd
		http://www.springframework.org/schema/tx https://www.springframework.org/schema/tx/spring-tx-4.3.xsd">
<mvc:annotation-driven/>
<context:annotation-config></context:annotation-config>
<mvc:resources mapping="/resources/**" location="/WEB-INF/resources/" />
<context:component-scan base-package="com.hcl"></context:component-scan>
<bean class="org.springframework.web.servlet.view.InternalResourceViewResolver">
<property name="prefix" value="/WEB-INF/views/"></property>
<property name="suffix" value=".jsp"></property>
</bean>
<bean name="datasource" class="org.springframework.jdbc.datasource.DriverManagerDataSource">
	<property name="driverClassName" value="${driver}"/>
	<property name="url" value="${url}"/>
	<property name="username" value="${username}"/>
	<property name="password" value="${password}"/>
	</bean>
	<bean id="databaseproperties" class="org.springframework.beans.factory.config.PropertyPlaceholderConfigurer">
	<property name="location" value="database.properties"/>
	</bean>
<bean name="sessionFactory" class="org.springframework.orm.hibernate5.LocalSessionFactoryBean">
<property name="dataSource" ref="datasource"/>
<property name="hibernateProperties" >
<props>
<prop key="hibernate.show_sql">true</prop>
<prop key="hibernate.hbm2ddl.auto">update</prop>
<prop key="hibernate.format_sql">true</prop>
</props>
</property>
<property name="packagesToScan" value="com.hcl.domain"></property>
</bean>
<bean name="myTransactionManager" class="org.springframework.orm.hibernate5.HibernateTransactionManager">
<property name="sessionFactory" ref="sessionFactory"/>
</bean>
<tx:annotation-driven transaction-manager="myTransactionManager"/>
</beans>
